kind,title,path
global,Mean MAE Across All Runs,outputs\paper_yield_study\06_paper_figures\all_model_charts\global\mean_mae_by_model.png
global,Mean RMSE Across All Runs,outputs\paper_yield_study\06_paper_figures\all_model_charts\global\mean_rmse_by_model.png
global,Mean R2 Across All Runs,outputs\paper_yield_study\06_paper_figures\all_model_charts\global\mean_r2_by_model.png
global,Median MAE Across All Runs,outputs\paper_yield_study\06_paper_figures\all_model_charts\global\median_mae_by_model.png
global,Median RMSE Across All Runs,outputs\paper_yield_study\06_paper_figures\all_model_charts\global\median_rmse_by_model.png
global,Median R2 Across All Runs,outputs\paper_yield_study\06_paper_figures\all_model_charts\global\median_r2_by_model.png
global,Metric Boxplots by Model,outputs\paper_yield_study\06_paper_figures\all_model_charts\global\metric_boxplots_by_model.png
global,Best RMSE Win Counts by Model,outputs\paper_yield_study\06_paper_figures\all_model_charts\global\best_rmse_win_counts_by_model.png
global,"Mean Rank Across MAE, RMSE, and R2",outputs\paper_yield_study\06_paper_figures\all_model_charts\global\mean_rank_by_model.png
global,Mean Rank by Experiment and Model,outputs\paper_yield_study\06_paper_figures\all_model_charts\global\mean_rank_heatmap_experiment_model.png
global,Mean MAE by Dataset and Model,outputs\paper_yield_study\06_paper_figures\all_model_charts\global\mean_mae_heatmap_dataset_model.png
global,Mean RMSE by Dataset and Model,outputs\paper_yield_study\06_paper_figures\all_model_charts\global\mean_rmse_heatmap_dataset_model.png
global,Mean R2 by Dataset and Model,outputs\paper_yield_study\06_paper_figures\all_model_charts\global\mean_r2_heatmap_dataset_model.png
global,All Runs RMSE vs R2,outputs\paper_yield_study\06_paper_figures\all_model_charts\global\rmse_vs_r2_all_runs.png
global,Training Size vs RMSE,outputs\paper_yield_study\06_paper_figures\all_model_charts\global\train_rows_vs_rmse.png
global,Median MAE Delta: Weather+Soil minus Weather Only,outputs\paper_yield_study\06_paper_figures\all_model_charts\global\weather_soil_minus_weather_only_mae_by_model.png
global,Median RMSE Delta: Weather+Soil minus Weather Only,outputs\paper_yield_study\06_paper_figures\all_model_charts\global\weather_soil_minus_weather_only_rmse_by_model.png
global,Median R2 Delta: Weather+Soil minus Weather Only,outputs\paper_yield_study\06_paper_figures\all_model_charts\global\weather_soil_minus_weather_only_r2_by_model.png
global,Median RMSE Delta: Time Split minus Random Split,outputs\paper_yield_study\06_paper_figures\all_model_charts\global\time_minus_random_rmse_delta_by_model.png
heatmap,"MAE Heatmap: aus to us, weather only",outputs\paper_yield_study\06_paper_figures\all_model_charts\heatmaps\heatmap_mae_aus_to_us_weather_only.png
heatmap,"MAE Heatmap: aus to us, weather soil",outputs\paper_yield_study\06_paper_figures\all_model_charts\heatmaps\heatmap_mae_aus_to_us_weather_soil.png
heatmap,"MAE Heatmap: random, weather only",outputs\paper_yield_study\06_paper_figures\all_model_charts\heatmaps\heatmap_mae_random_weather_only.png
heatmap,"MAE Heatmap: random, weather soil",outputs\paper_yield_study\06_paper_figures\all_model_charts\heatmaps\heatmap_mae_random_weather_soil.png
heatmap,"MAE Heatmap: time, weather only",outputs\paper_yield_study\06_paper_figures\all_model_charts\heatmaps\heatmap_mae_time_weather_only.png
heatmap,"MAE Heatmap: time, weather soil",outputs\paper_yield_study\06_paper_figures\all_model_charts\heatmaps\heatmap_mae_time_weather_soil.png
heatmap,"MAE Heatmap: us to aus, weather only",outputs\paper_yield_study\06_paper_figures\all_model_charts\heatmaps\heatmap_mae_us_to_aus_weather_only.png
heatmap,"MAE Heatmap: us to aus, weather soil",outputs\paper_yield_study\06_paper_figures\all_model_charts\heatmaps\heatmap_mae_us_to_aus_weather_soil.png
heatmap,"RMSE Heatmap: aus to us, weather only",outputs\paper_yield_study\06_paper_figures\all_model_charts\heatmaps\heatmap_rmse_aus_to_us_weather_only.png
heatmap,"RMSE Heatmap: aus to us, weather soil",outputs\paper_yield_study\06_paper_figures\all_model_charts\heatmaps\heatmap_rmse_aus_to_us_weather_soil.png
heatmap,"RMSE Heatmap: random, weather only",outputs\paper_yield_study\06_paper_figures\all_model_charts\heatmaps\heatmap_rmse_random_weather_only.png
heatmap,"RMSE Heatmap: random, weather soil",outputs\paper_yield_study\06_paper_figures\all_model_charts\heatmaps\heatmap_rmse_random_weather_soil.png
heatmap,"RMSE Heatmap: time, weather only",outputs\paper_yield_study\06_paper_figures\all_model_charts\heatmaps\heatmap_rmse_time_weather_only.png
heatmap,"RMSE Heatmap: time, weather soil",outputs\paper_yield_study\06_paper_figures\all_model_charts\heatmaps\heatmap_rmse_time_weather_soil.png
heatmap,"RMSE Heatmap: us to aus, weather only",outputs\paper_yield_study\06_paper_figures\all_model_charts\heatmaps\heatmap_rmse_us_to_aus_weather_only.png
heatmap,"RMSE Heatmap: us to aus, weather soil",outputs\paper_yield_study\06_paper_figures\all_model_charts\heatmaps\heatmap_rmse_us_to_aus_weather_soil.png
heatmap,"R2 Heatmap: aus to us, weather only",outputs\paper_yield_study\06_paper_figures\all_model_charts\heatmaps\heatmap_r2_aus_to_us_weather_only.png
heatmap,"R2 Heatmap: aus to us, weather soil",outputs\paper_yield_study\06_paper_figures\all_model_charts\heatmaps\heatmap_r2_aus_to_us_weather_soil.png
heatmap,"R2 Heatmap: random, weather only",outputs\paper_yield_study\06_paper_figures\all_model_charts\heatmaps\heatmap_r2_random_weather_only.png
heatmap,"R2 Heatmap: random, weather soil",outputs\paper_yield_study\06_paper_figures\all_model_charts\heatmaps\heatmap_r2_random_weather_soil.png
heatmap,"R2 Heatmap: time, weather only",outputs\paper_yield_study\06_paper_figures\all_model_charts\heatmaps\heatmap_r2_time_weather_only.png
heatmap,"R2 Heatmap: time, weather soil",outputs\paper_yield_study\06_paper_figures\all_model_charts\heatmaps\heatmap_r2_time_weather_soil.png
heatmap,"R2 Heatmap: us to aus, weather only",outputs\paper_yield_study\06_paper_figures\all_model_charts\heatmaps\heatmap_r2_us_to_aus_weather_only.png
heatmap,"R2 Heatmap: us to aus, weather soil",outputs\paper_yield_study\06_paper_figures\all_model_charts\heatmaps\heatmap_r2_us_to_aus_weather_soil.png
scenario_metric,MAE by Model: E1_AUS_Wheat_internal | random | weather only,outputs\paper_yield_study\06_paper_figures\all_model_charts\scenario_metrics\s01_e1_aus_wheat_internal_random_weather_only_mae_by_model.png
scenario_metric,RMSE by Model: E1_AUS_Wheat_internal | random | weather only,outputs\paper_yield_study\06_paper_figures\all_model_charts\scenario_metrics\s01_e1_aus_wheat_internal_random_weather_only_rmse_by_model.png
scenario_metric,R2 by Model: E1_AUS_Wheat_internal | random | weather only,outputs\paper_yield_study\06_paper_figures\all_model_charts\scenario_metrics\s01_e1_aus_wheat_internal_random_weather_only_r2_by_model.png
scenario_metric,MAE by Model: E1_AUS_Wheat_internal | random | weather soil,outputs\paper_yield_study\06_paper_figures\all_model_charts\scenario_metrics\s02_e1_aus_wheat_internal_random_weather_soil_mae_by_model.png
scenario_metric,RMSE by Model: E1_AUS_Wheat_internal | random | weather soil,outputs\paper_yield_study\06_paper_figures\all_model_charts\scenario_metrics\s02_e1_aus_wheat_internal_random_weather_soil_rmse_by_model.png
scenario_metric,R2 by Model: E1_AUS_Wheat_internal | random | weather soil,outputs\paper_yield_study\06_paper_figures\all_model_charts\scenario_metrics\s02_e1_aus_wheat_internal_random_weather_soil_r2_by_model.png
scenario_metric,MAE by Model: E1_AUS_Wheat_internal | time | weather only,outputs\paper_yield_study\06_paper_figures\all_model_charts\scenario_metrics\s03_e1_aus_wheat_internal_time_weather_only_mae_by_model.png
scenario_metric,RMSE by Model: E1_AUS_Wheat_internal | time | weather only,outputs\paper_yield_study\06_paper_figures\all_model_charts\scenario_metrics\s03_e1_aus_wheat_internal_time_weather_only_rmse_by_model.png
scenario_metric,R2 by Model: E1_AUS_Wheat_internal | time | weather only,outputs\paper_yield_study\06_paper_figures\all_model_charts\scenario_metrics\s03_e1_aus_wheat_internal_time_weather_only_r2_by_model.png
scenario_metric,MAE by Model: E1_AUS_Wheat_internal | time | weather soil,outputs\paper_yield_study\06_paper_figures\all_model_charts\scenario_metrics\s04_e1_aus_wheat_internal_time_weather_soil_mae_by_model.png
scenario_metric,RMSE by Model: E1_AUS_Wheat_internal | time | weather soil,outputs\paper_yield_study\06_paper_figures\all_model_charts\scenario_metrics\s04_e1_aus_wheat_internal_time_weather_soil_rmse_by_model.png
scenario_metric,R2 by Model: E1_AUS_Wheat_internal | time | weather soil,outputs\paper_yield_study\06_paper_figures\all_model_charts\scenario_metrics\s04_e1_aus_wheat_internal_time_weather_soil_r2_by_model.png
scenario_metric,MAE by Model: E2_US_Wheat_internal | random | weather only,outputs\paper_yield_study\06_paper_figures\all_model_charts\scenario_metrics\s05_e2_us_wheat_internal_random_weather_only_mae_by_model.png
scenario_metric,RMSE by Model: E2_US_Wheat_internal | random | weather only,outputs\paper_yield_study\06_paper_figures\all_model_charts\scenario_metrics\s05_e2_us_wheat_internal_random_weather_only_rmse_by_model.png
scenario_metric,R2 by Model: E2_US_Wheat_internal | random | weather only,outputs\paper_yield_study\06_paper_figures\all_model_charts\scenario_metrics\s05_e2_us_wheat_internal_random_weather_only_r2_by_model.png
scenario_metric,MAE by Model: E2_US_Wheat_internal | random | weather soil,outputs\paper_yield_study\06_paper_figures\all_model_charts\scenario_metrics\s06_e2_us_wheat_internal_random_weather_soil_mae_by_model.png
scenario_metric,RMSE by Model: E2_US_Wheat_internal | random | weather soil,outputs\paper_yield_study\06_paper_figures\all_model_charts\scenario_metrics\s06_e2_us_wheat_internal_random_weather_soil_rmse_by_model.png
scenario_metric,R2 by Model: E2_US_Wheat_internal | random | weather soil,outputs\paper_yield_study\06_paper_figures\all_model_charts\scenario_metrics\s06_e2_us_wheat_internal_random_weather_soil_r2_by_model.png
scenario_metric,MAE by Model: E2_US_Wheat_internal | time | weather only,outputs\paper_yield_study\06_paper_figures\all_model_charts\scenario_metrics\s07_e2_us_wheat_internal_time_weather_only_mae_by_model.png
scenario_metric,RMSE by Model: E2_US_Wheat_internal | time | weather only,outputs\paper_yield_study\06_paper_figures\all_model_charts\scenario_metrics\s07_e2_us_wheat_internal_time_weather_only_rmse_by_model.png
scenario_metric,R2 by Model: E2_US_Wheat_internal | time | weather only,outputs\paper_yield_study\06_paper_figures\all_model_charts\scenario_metrics\s07_e2_us_wheat_internal_time_weather_only_r2_by_model.png
scenario_metric,MAE by Model: E2_US_Wheat_internal | time | weather soil,outputs\paper_yield_study\06_paper_figures\all_model_charts\scenario_metrics\s08_e2_us_wheat_internal_time_weather_soil_mae_by_model.png
scenario_metric,RMSE by Model: E2_US_Wheat_internal | time | weather soil,outputs\paper_yield_study\06_paper_figures\all_model_charts\scenario_metrics\s08_e2_us_wheat_internal_time_weather_soil_rmse_by_model.png
scenario_metric,R2 by Model: E2_US_Wheat_internal | time | weather soil,outputs\paper_yield_study\06_paper_figures\all_model_charts\scenario_metrics\s08_e2_us_wheat_internal_time_weather_soil_r2_by_model.png
scenario_metric,MAE by Model: E3_Wheat_transfer | aus to us | weather only,outputs\paper_yield_study\06_paper_figures\all_model_charts\scenario_metrics\s09_e3_wheat_transfer_aus_to_us_weather_only_mae_by_model.png
scenario_metric,RMSE by Model: E3_Wheat_transfer | aus to us | weather only,outputs\paper_yield_study\06_paper_figures\all_model_charts\scenario_metrics\s09_e3_wheat_transfer_aus_to_us_weather_only_rmse_by_model.png
scenario_metric,R2 by Model: E3_Wheat_transfer | aus to us | weather only,outputs\paper_yield_study\06_paper_figures\all_model_charts\scenario_metrics\s09_e3_wheat_transfer_aus_to_us_weather_only_r2_by_model.png
scenario_metric,MAE by Model: E3_Wheat_transfer | aus to us | weather soil,outputs\paper_yield_study\06_paper_figures\all_model_charts\scenario_metrics\s10_e3_wheat_transfer_aus_to_us_weather_soil_mae_by_model.png
scenario_metric,RMSE by Model: E3_Wheat_transfer | aus to us | weather soil,outputs\paper_yield_study\06_paper_figures\all_model_charts\scenario_metrics\s10_e3_wheat_transfer_aus_to_us_weather_soil_rmse_by_model.png
scenario_metric,R2 by Model: E3_Wheat_transfer | aus to us | weather soil,outputs\paper_yield_study\06_paper_figures\all_model_charts\scenario_metrics\s10_e3_wheat_transfer_aus_to_us_weather_soil_r2_by_model.png
scenario_metric,MAE by Model: E3_Wheat_transfer | us to aus | weather only,outputs\paper_yield_study\06_paper_figures\all_model_charts\scenario_metrics\s11_e3_wheat_transfer_us_to_aus_weather_only_mae_by_model.png
scenario_metric,RMSE by Model: E3_Wheat_transfer | us to aus | weather only,outputs\paper_yield_study\06_paper_figures\all_model_charts\scenario_metrics\s11_e3_wheat_transfer_us_to_aus_weather_only_rmse_by_model.png
scenario_metric,R2 by Model: E3_Wheat_transfer | us to aus | weather only,outputs\paper_yield_study\06_paper_figures\all_model_charts\scenario_metrics\s11_e3_wheat_transfer_us_to_aus_weather_only_r2_by_model.png
scenario_metric,MAE by Model: E3_Wheat_transfer | us to aus | weather soil,outputs\paper_yield_study\06_paper_figures\all_model_charts\scenario_metrics\s12_e3_wheat_transfer_us_to_aus_weather_soil_mae_by_model.png
scenario_metric,RMSE by Model: E3_Wheat_transfer | us to aus | weather soil,outputs\paper_yield_study\06_paper_figures\all_model_charts\scenario_metrics\s12_e3_wheat_transfer_us_to_aus_weather_soil_rmse_by_model.png
scenario_metric,R2 by Model: E3_Wheat_transfer | us to aus | weather soil,outputs\paper_yield_study\06_paper_figures\all_model_charts\scenario_metrics\s12_e3_wheat_transfer_us_to_aus_weather_soil_r2_by_model.png
scenario_metric,MAE by Model: E4_AUS_overlap_internal | random | weather only,outputs\paper_yield_study\06_paper_figures\all_model_charts\scenario_metrics\s13_e4_aus_overlap_internal_random_weather_only_mae_by_model.png
scenario_metric,RMSE by Model: E4_AUS_overlap_internal | random | weather only,outputs\paper_yield_study\06_paper_figures\all_model_charts\scenario_metrics\s13_e4_aus_overlap_internal_random_weather_only_rmse_by_model.png
scenario_metric,R2 by Model: E4_AUS_overlap_internal | random | weather only,outputs\paper_yield_study\06_paper_figures\all_model_charts\scenario_metrics\s13_e4_aus_overlap_internal_random_weather_only_r2_by_model.png
scenario_metric,MAE by Model: E4_AUS_overlap_internal | random | weather soil,outputs\paper_yield_study\06_paper_figures\all_model_charts\scenario_metrics\s14_e4_aus_overlap_internal_random_weather_soil_mae_by_model.png
scenario_metric,RMSE by Model: E4_AUS_overlap_internal | random | weather soil,outputs\paper_yield_study\06_paper_figures\all_model_charts\scenario_metrics\s14_e4_aus_overlap_internal_random_weather_soil_rmse_by_model.png
scenario_metric,R2 by Model: E4_AUS_overlap_internal | random | weather soil,outputs\paper_yield_study\06_paper_figures\all_model_charts\scenario_metrics\s14_e4_aus_overlap_internal_random_weather_soil_r2_by_model.png
scenario_metric,MAE by Model: E4_AUS_overlap_internal | time | weather only,outputs\paper_yield_study\06_paper_figures\all_model_charts\scenario_metrics\s15_e4_aus_overlap_internal_time_weather_only_mae_by_model.png
scenario_metric,RMSE by Model: E4_AUS_overlap_internal | time | weather only,outputs\paper_yield_study\06_paper_figures\all_model_charts\scenario_metrics\s15_e4_aus_overlap_internal_time_weather_only_rmse_by_model.png
scenario_metric,R2 by Model: E4_AUS_overlap_internal | time | weather only,outputs\paper_yield_study\06_paper_figures\all_model_charts\scenario_metrics\s15_e4_aus_overlap_internal_time_weather_only_r2_by_model.png
scenario_metric,MAE by Model: E4_AUS_overlap_internal | time | weather soil,outputs\paper_yield_study\06_paper_figures\all_model_charts\scenario_metrics\s16_e4_aus_overlap_internal_time_weather_soil_mae_by_model.png
scenario_metric,RMSE by Model: E4_AUS_overlap_internal | time | weather soil,outputs\paper_yield_study\06_paper_figures\all_model_charts\scenario_metrics\s16_e4_aus_overlap_internal_time_weather_soil_rmse_by_model.png
scenario_metric,R2 by Model: E4_AUS_overlap_internal | time | weather soil,outputs\paper_yield_study\06_paper_figures\all_model_charts\scenario_metrics\s16_e4_aus_overlap_internal_time_weather_soil_r2_by_model.png
scenario_metric,MAE by Model: E5_US_overlap_internal | random | weather only,outputs\paper_yield_study\06_paper_figures\all_model_charts\scenario_metrics\s17_e5_us_overlap_internal_random_weather_only_mae_by_model.png
scenario_metric,RMSE by Model: E5_US_overlap_internal | random | weather only,outputs\paper_yield_study\06_paper_figures\all_model_charts\scenario_metrics\s17_e5_us_overlap_internal_random_weather_only_rmse_by_model.png
scenario_metric,R2 by Model: E5_US_overlap_internal | random | weather only,outputs\paper_yield_study\06_paper_figures\all_model_charts\scenario_metrics\s17_e5_us_overlap_internal_random_weather_only_r2_by_model.png
scenario_metric,MAE by Model: E5_US_overlap_internal | random | weather soil,outputs\paper_yield_study\06_paper_figures\all_model_charts\scenario_metrics\s18_e5_us_overlap_internal_random_weather_soil_mae_by_model.png
scenario_metric,RMSE by Model: E5_US_overlap_internal | random | weather soil,outputs\paper_yield_study\06_paper_figures\all_model_charts\scenario_metrics\s18_e5_us_overlap_internal_random_weather_soil_rmse_by_model.png
scenario_metric,R2 by Model: E5_US_overlap_internal | random | weather soil,outputs\paper_yield_study\06_paper_figures\all_model_charts\scenario_metrics\s18_e5_us_overlap_internal_random_weather_soil_r2_by_model.png
scenario_metric,MAE by Model: E5_US_overlap_internal | time | weather only,outputs\paper_yield_study\06_paper_figures\all_model_charts\scenario_metrics\s19_e5_us_overlap_internal_time_weather_only_mae_by_model.png
scenario_metric,RMSE by Model: E5_US_overlap_internal | time | weather only,outputs\paper_yield_study\06_paper_figures\all_model_charts\scenario_metrics\s19_e5_us_overlap_internal_time_weather_only_rmse_by_model.png
scenario_metric,R2 by Model: E5_US_overlap_internal | time | weather only,outputs\paper_yield_study\06_paper_figures\all_model_charts\scenario_metrics\s19_e5_us_overlap_internal_time_weather_only_r2_by_model.png
scenario_metric,MAE by Model: E5_US_overlap_internal | time | weather soil,outputs\paper_yield_study\06_paper_figures\all_model_charts\scenario_metrics\s20_e5_us_overlap_internal_time_weather_soil_mae_by_model.png
scenario_metric,RMSE by Model: E5_US_overlap_internal | time | weather soil,outputs\paper_yield_study\06_paper_figures\all_model_charts\scenario_metrics\s20_e5_us_overlap_internal_time_weather_soil_rmse_by_model.png
scenario_metric,R2 by Model: E5_US_overlap_internal | time | weather soil,outputs\paper_yield_study\06_paper_figures\all_model_charts\scenario_metrics\s20_e5_us_overlap_internal_time_weather_soil_r2_by_model.png
scenario_metric,MAE by Model: E6_Combined_overlap | aus to us | weather only,outputs\paper_yield_study\06_paper_figures\all_model_charts\scenario_metrics\s21_e6_combined_overlap_aus_to_us_weather_only_mae_by_model.png
scenario_metric,RMSE by Model: E6_Combined_overlap | aus to us | weather only,outputs\paper_yield_study\06_paper_figures\all_model_charts\scenario_metrics\s21_e6_combined_overlap_aus_to_us_weather_only_rmse_by_model.png
scenario_metric,R2 by Model: E6_Combined_overlap | aus to us | weather only,outputs\paper_yield_study\06_paper_figures\all_model_charts\scenario_metrics\s21_e6_combined_overlap_aus_to_us_weather_only_r2_by_model.png
scenario_metric,MAE by Model: E6_Combined_overlap | aus to us | weather soil,outputs\paper_yield_study\06_paper_figures\all_model_charts\scenario_metrics\s22_e6_combined_overlap_aus_to_us_weather_soil_mae_by_model.png
scenario_metric,RMSE by Model: E6_Combined_overlap | aus to us | weather soil,outputs\paper_yield_study\06_paper_figures\all_model_charts\scenario_metrics\s22_e6_combined_overlap_aus_to_us_weather_soil_rmse_by_model.png
scenario_metric,R2 by Model: E6_Combined_overlap | aus to us | weather soil,outputs\paper_yield_study\06_paper_figures\all_model_charts\scenario_metrics\s22_e6_combined_overlap_aus_to_us_weather_soil_r2_by_model.png
scenario_metric,MAE by Model: E6_Combined_overlap | us to aus | weather only,outputs\paper_yield_study\06_paper_figures\all_model_charts\scenario_metrics\s23_e6_combined_overlap_us_to_aus_weather_only_mae_by_model.png
scenario_metric,RMSE by Model: E6_Combined_overlap | us to aus | weather only,outputs\paper_yield_study\06_paper_figures\all_model_charts\scenario_metrics\s23_e6_combined_overlap_us_to_aus_weather_only_rmse_by_model.png
scenario_metric,R2 by Model: E6_Combined_overlap | us to aus | weather only,outputs\paper_yield_study\06_paper_figures\all_model_charts\scenario_metrics\s23_e6_combined_overlap_us_to_aus_weather_only_r2_by_model.png
scenario_metric,MAE by Model: E6_Combined_overlap | us to aus | weather soil,outputs\paper_yield_study\06_paper_figures\all_model_charts\scenario_metrics\s24_e6_combined_overlap_us_to_aus_weather_soil_mae_by_model.png
scenario_metric,RMSE by Model: E6_Combined_overlap | us to aus | weather soil,outputs\paper_yield_study\06_paper_figures\all_model_charts\scenario_metrics\s24_e6_combined_overlap_us_to_aus_weather_soil_rmse_by_model.png
scenario_metric,R2 by Model: E6_Combined_overlap | us to aus | weather soil,outputs\paper_yield_study\06_paper_figures\all_model_charts\scenario_metrics\s24_e6_combined_overlap_us_to_aus_weather_soil_r2_by_model.png
scenario_metric,MAE by Model: E6_Combined_overlap | random | weather only,outputs\paper_yield_study\06_paper_figures\all_model_charts\scenario_metrics\s25_e6_combined_overlap_random_weather_only_mae_by_model.png
scenario_metric,RMSE by Model: E6_Combined_overlap | random | weather only,outputs\paper_yield_study\06_paper_figures\all_model_charts\scenario_metrics\s25_e6_combined_overlap_random_weather_only_rmse_by_model.png
scenario_metric,R2 by Model: E6_Combined_overlap | random | weather only,outputs\paper_yield_study\06_paper_figures\all_model_charts\scenario_metrics\s25_e6_combined_overlap_random_weather_only_r2_by_model.png
scenario_metric,MAE by Model: E6_Combined_overlap | random | weather soil,outputs\paper_yield_study\06_paper_figures\all_model_charts\scenario_metrics\s26_e6_combined_overlap_random_weather_soil_mae_by_model.png
scenario_metric,RMSE by Model: E6_Combined_overlap | random | weather soil,outputs\paper_yield_study\06_paper_figures\all_model_charts\scenario_metrics\s26_e6_combined_overlap_random_weather_soil_rmse_by_model.png
scenario_metric,R2 by Model: E6_Combined_overlap | random | weather soil,outputs\paper_yield_study\06_paper_figures\all_model_charts\scenario_metrics\s26_e6_combined_overlap_random_weather_soil_r2_by_model.png
scenario_metric,MAE by Model: E6_Combined_overlap | time | weather only,outputs\paper_yield_study\06_paper_figures\all_model_charts\scenario_metrics\s27_e6_combined_overlap_time_weather_only_mae_by_model.png
scenario_metric,RMSE by Model: E6_Combined_overlap | time | weather only,outputs\paper_yield_study\06_paper_figures\all_model_charts\scenario_metrics\s27_e6_combined_overlap_time_weather_only_rmse_by_model.png
scenario_metric,R2 by Model: E6_Combined_overlap | time | weather only,outputs\paper_yield_study\06_paper_figures\all_model_charts\scenario_metrics\s27_e6_combined_overlap_time_weather_only_r2_by_model.png
scenario_metric,MAE by Model: E6_Combined_overlap | time | weather soil,outputs\paper_yield_study\06_paper_figures\all_model_charts\scenario_metrics\s28_e6_combined_overlap_time_weather_soil_mae_by_model.png
scenario_metric,RMSE by Model: E6_Combined_overlap | time | weather soil,outputs\paper_yield_study\06_paper_figures\all_model_charts\scenario_metrics\s28_e6_combined_overlap_time_weather_soil_rmse_by_model.png
scenario_metric,R2 by Model: E6_Combined_overlap | time | weather soil,outputs\paper_yield_study\06_paper_figures\all_model_charts\scenario_metrics\s28_e6_combined_overlap_time_weather_soil_r2_by_model.png
scenario_metric,MAE by Model: E7_US_harmonized_overlap_audit | random | weather only,outputs\paper_yield_study\06_paper_figures\all_model_charts\scenario_metrics\s29_e7_us_harmonized_overlap_audit_random_weather_only_mae_by_model.png
scenario_metric,RMSE by Model: E7_US_harmonized_overlap_audit | random | weather only,outputs\paper_yield_study\06_paper_figures\all_model_charts\scenario_metrics\s29_e7_us_harmonized_overlap_audit_random_weather_only_rmse_by_model.png
scenario_metric,R2 by Model: E7_US_harmonized_overlap_audit | random | weather only,outputs\paper_yield_study\06_paper_figures\all_model_charts\scenario_metrics\s29_e7_us_harmonized_overlap_audit_random_weather_only_r2_by_model.png
scenario_metric,MAE by Model: E7_US_harmonized_overlap_audit | random | weather soil,outputs\paper_yield_study\06_paper_figures\all_model_charts\scenario_metrics\s30_e7_us_harmonized_overlap_audit_random_weather_soil_mae_by_model.png
scenario_metric,RMSE by Model: E7_US_harmonized_overlap_audit | random | weather soil,outputs\paper_yield_study\06_paper_figures\all_model_charts\scenario_metrics\s30_e7_us_harmonized_overlap_audit_random_weather_soil_rmse_by_model.png
scenario_metric,R2 by Model: E7_US_harmonized_overlap_audit | random | weather soil,outputs\paper_yield_study\06_paper_figures\all_model_charts\scenario_metrics\s30_e7_us_harmonized_overlap_audit_random_weather_soil_r2_by_model.png
scenario_metric,MAE by Model: E7_US_harmonized_overlap_audit | time | weather only,outputs\paper_yield_study\06_paper_figures\all_model_charts\scenario_metrics\s31_e7_us_harmonized_overlap_audit_time_weather_only_mae_by_model.png
scenario_metric,RMSE by Model: E7_US_harmonized_overlap_audit | time | weather only,outputs\paper_yield_study\06_paper_figures\all_model_charts\scenario_metrics\s31_e7_us_harmonized_overlap_audit_time_weather_only_rmse_by_model.png
scenario_metric,R2 by Model: E7_US_harmonized_overlap_audit | time | weather only,outputs\paper_yield_study\06_paper_figures\all_model_charts\scenario_metrics\s31_e7_us_harmonized_overlap_audit_time_weather_only_r2_by_model.png
scenario_metric,MAE by Model: E7_US_harmonized_overlap_audit | time | weather soil,outputs\paper_yield_study\06_paper_figures\all_model_charts\scenario_metrics\s32_e7_us_harmonized_overlap_audit_time_weather_soil_mae_by_model.png
scenario_metric,RMSE by Model: E7_US_harmonized_overlap_audit | time | weather soil,outputs\paper_yield_study\06_paper_figures\all_model_charts\scenario_metrics\s32_e7_us_harmonized_overlap_audit_time_weather_soil_rmse_by_model.png
scenario_metric,R2 by Model: E7_US_harmonized_overlap_audit | time | weather soil,outputs\paper_yield_study\06_paper_figures\all_model_charts\scenario_metrics\s32_e7_us_harmonized_overlap_audit_time_weather_soil_r2_by_model.png
scenario_metric,MAE by Model: E7_US_processed_overlap_audit | random | weather only,outputs\paper_yield_study\06_paper_figures\all_model_charts\scenario_metrics\s33_e7_us_processed_overlap_audit_random_weather_only_mae_by_model.png
scenario_metric,RMSE by Model: E7_US_processed_overlap_audit | random | weather only,outputs\paper_yield_study\06_paper_figures\all_model_charts\scenario_metrics\s33_e7_us_processed_overlap_audit_random_weather_only_rmse_by_model.png
scenario_metric,R2 by Model: E7_US_processed_overlap_audit | random | weather only,outputs\paper_yield_study\06_paper_figures\all_model_charts\scenario_metrics\s33_e7_us_processed_overlap_audit_random_weather_only_r2_by_model.png
scenario_metric,MAE by Model: E7_US_processed_overlap_audit | random | weather soil,outputs\paper_yield_study\06_paper_figures\all_model_charts\scenario_metrics\s34_e7_us_processed_overlap_audit_random_weather_soil_mae_by_model.png
scenario_metric,RMSE by Model: E7_US_processed_overlap_audit | random | weather soil,outputs\paper_yield_study\06_paper_figures\all_model_charts\scenario_metrics\s34_e7_us_processed_overlap_audit_random_weather_soil_rmse_by_model.png
scenario_metric,R2 by Model: E7_US_processed_overlap_audit | random | weather soil,outputs\paper_yield_study\06_paper_figures\all_model_charts\scenario_metrics\s34_e7_us_processed_overlap_audit_random_weather_soil_r2_by_model.png
scenario_metric,MAE by Model: E7_US_processed_overlap_audit | time | weather only,outputs\paper_yield_study\06_paper_figures\all_model_charts\scenario_metrics\s35_e7_us_processed_overlap_audit_time_weather_only_mae_by_model.png
scenario_metric,RMSE by Model: E7_US_processed_overlap_audit | time | weather only,outputs\paper_yield_study\06_paper_figures\all_model_charts\scenario_metrics\s35_e7_us_processed_overlap_audit_time_weather_only_rmse_by_model.png
scenario_metric,R2 by Model: E7_US_processed_overlap_audit | time | weather only,outputs\paper_yield_study\06_paper_figures\all_model_charts\scenario_metrics\s35_e7_us_processed_overlap_audit_time_weather_only_r2_by_model.png
scenario_metric,MAE by Model: E7_US_processed_overlap_audit | time | weather soil,outputs\paper_yield_study\06_paper_figures\all_model_charts\scenario_metrics\s36_e7_us_processed_overlap_audit_time_weather_soil_mae_by_model.png
scenario_metric,RMSE by Model: E7_US_processed_overlap_audit | time | weather soil,outputs\paper_yield_study\06_paper_figures\all_model_charts\scenario_metrics\s36_e7_us_processed_overlap_audit_time_weather_soil_rmse_by_model.png
scenario_metric,R2 by Model: E7_US_processed_overlap_audit | time | weather soil,outputs\paper_yield_study\06_paper_figures\all_model_charts\scenario_metrics\s36_e7_us_processed_overlap_audit_time_weather_soil_r2_by_model.png
scenario_prediction,Predicted vs Actual All Models,outputs\paper_yield_study\06_paper_figures\all_model_charts\scenario_predictions\s01_e1_aus_wheat_internal_random_weather_only_predicted_vs_actual_all_models.png
scenario_prediction,Residual Boxplot All Models,outputs\paper_yield_study\06_paper_figures\all_model_charts\scenario_predictions\s01_e1_aus_wheat_internal_random_weather_only_residual_boxplot_all_models.png
scenario_prediction,Top 8 Yearly Absolute Error,outputs\paper_yield_study\06_paper_figures\all_model_charts\scenario_predictions\s01_e1_aus_wheat_internal_random_weather_only_top8_yearly_abs_error.png
scenario_prediction,Predicted vs Actual All Models,outputs\paper_yield_study\06_paper_figures\all_model_charts\scenario_predictions\s02_e1_aus_wheat_internal_random_weather_soil_predicted_vs_actual_all_models.png
scenario_prediction,Residual Boxplot All Models,outputs\paper_yield_study\06_paper_figures\all_model_charts\scenario_predictions\s02_e1_aus_wheat_internal_random_weather_soil_residual_boxplot_all_models.png
scenario_prediction,Top 8 Yearly Absolute Error,outputs\paper_yield_study\06_paper_figures\all_model_charts\scenario_predictions\s02_e1_aus_wheat_internal_random_weather_soil_top8_yearly_abs_error.png
scenario_prediction,Predicted vs Actual All Models,outputs\paper_yield_study\06_paper_figures\all_model_charts\scenario_predictions\s03_e1_aus_wheat_internal_time_weather_only_predicted_vs_actual_all_models.png
scenario_prediction,Residual Boxplot All Models,outputs\paper_yield_study\06_paper_figures\all_model_charts\scenario_predictions\s03_e1_aus_wheat_internal_time_weather_only_residual_boxplot_all_models.png
scenario_prediction,Top 8 Yearly Absolute Error,outputs\paper_yield_study\06_paper_figures\all_model_charts\scenario_predictions\s03_e1_aus_wheat_internal_time_weather_only_top8_yearly_abs_error.png
scenario_prediction,Predicted vs Actual All Models,outputs\paper_yield_study\06_paper_figures\all_model_charts\scenario_predictions\s04_e1_aus_wheat_internal_time_weather_soil_predicted_vs_actual_all_models.png
scenario_prediction,Residual Boxplot All Models,outputs\paper_yield_study\06_paper_figures\all_model_charts\scenario_predictions\s04_e1_aus_wheat_internal_time_weather_soil_residual_boxplot_all_models.png
scenario_prediction,Top 8 Yearly Absolute Error,outputs\paper_yield_study\06_paper_figures\all_model_charts\scenario_predictions\s04_e1_aus_wheat_internal_time_weather_soil_top8_yearly_abs_error.png
scenario_prediction,Predicted vs Actual All Models,outputs\paper_yield_study\06_paper_figures\all_model_charts\scenario_predictions\s05_e2_us_wheat_internal_random_weather_only_predicted_vs_actual_all_models.png
scenario_prediction,Residual Boxplot All Models,outputs\paper_yield_study\06_paper_figures\all_model_charts\scenario_predictions\s05_e2_us_wheat_internal_random_weather_only_residual_boxplot_all_models.png
scenario_prediction,Top 8 Yearly Absolute Error,outputs\paper_yield_study\06_paper_figures\all_model_charts\scenario_predictions\s05_e2_us_wheat_internal_random_weather_only_top8_yearly_abs_error.png
scenario_prediction,Predicted vs Actual All Models,outputs\paper_yield_study\06_paper_figures\all_model_charts\scenario_predictions\s06_e2_us_wheat_internal_random_weather_soil_predicted_vs_actual_all_models.png
scenario_prediction,Residual Boxplot All Models,outputs\paper_yield_study\06_paper_figures\all_model_charts\scenario_predictions\s06_e2_us_wheat_internal_random_weather_soil_residual_boxplot_all_models.png
scenario_prediction,Top 8 Yearly Absolute Error,outputs\paper_yield_study\06_paper_figures\all_model_charts\scenario_predictions\s06_e2_us_wheat_internal_random_weather_soil_top8_yearly_abs_error.png
scenario_prediction,Predicted vs Actual All Models,outputs\paper_yield_study\06_paper_figures\all_model_charts\scenario_predictions\s07_e2_us_wheat_internal_time_weather_only_predicted_vs_actual_all_models.png
scenario_prediction,Residual Boxplot All Models,outputs\paper_yield_study\06_paper_figures\all_model_charts\scenario_predictions\s07_e2_us_wheat_internal_time_weather_only_residual_boxplot_all_models.png
scenario_prediction,Top 8 Yearly Absolute Error,outputs\paper_yield_study\06_paper_figures\all_model_charts\scenario_predictions\s07_e2_us_wheat_internal_time_weather_only_top8_yearly_abs_error.png
scenario_prediction,Predicted vs Actual All Models,outputs\paper_yield_study\06_paper_figures\all_model_charts\scenario_predictions\s08_e2_us_wheat_internal_time_weather_soil_predicted_vs_actual_all_models.png
scenario_prediction,Residual Boxplot All Models,outputs\paper_yield_study\06_paper_figures\all_model_charts\scenario_predictions\s08_e2_us_wheat_internal_time_weather_soil_residual_boxplot_all_models.png
scenario_prediction,Top 8 Yearly Absolute Error,outputs\paper_yield_study\06_paper_figures\all_model_charts\scenario_predictions\s08_e2_us_wheat_internal_time_weather_soil_top8_yearly_abs_error.png
scenario_prediction,Predicted vs Actual All Models,outputs\paper_yield_study\06_paper_figures\all_model_charts\scenario_predictions\s09_e3_wheat_transfer_aus_to_us_weather_only_predicted_vs_actual_all_models.png
scenario_prediction,Residual Boxplot All Models,outputs\paper_yield_study\06_paper_figures\all_model_charts\scenario_predictions\s09_e3_wheat_transfer_aus_to_us_weather_only_residual_boxplot_all_models.png
scenario_prediction,Top 8 Yearly Absolute Error,outputs\paper_yield_study\06_paper_figures\all_model_charts\scenario_predictions\s09_e3_wheat_transfer_aus_to_us_weather_only_top8_yearly_abs_error.png
scenario_prediction,Predicted vs Actual All Models,outputs\paper_yield_study\06_paper_figures\all_model_charts\scenario_predictions\s10_e3_wheat_transfer_aus_to_us_weather_soil_predicted_vs_actual_all_models.png
scenario_prediction,Residual Boxplot All Models,outputs\paper_yield_study\06_paper_figures\all_model_charts\scenario_predictions\s10_e3_wheat_transfer_aus_to_us_weather_soil_residual_boxplot_all_models.png
scenario_prediction,Top 8 Yearly Absolute Error,outputs\paper_yield_study\06_paper_figures\all_model_charts\scenario_predictions\s10_e3_wheat_transfer_aus_to_us_weather_soil_top8_yearly_abs_error.png
scenario_prediction,Predicted vs Actual All Models,outputs\paper_yield_study\06_paper_figures\all_model_charts\scenario_predictions\s11_e3_wheat_transfer_us_to_aus_weather_only_predicted_vs_actual_all_models.png
scenario_prediction,Residual Boxplot All Models,outputs\paper_yield_study\06_paper_figures\all_model_charts\scenario_predictions\s11_e3_wheat_transfer_us_to_aus_weather_only_residual_boxplot_all_models.png
scenario_prediction,Top 8 Yearly Absolute Error,outputs\paper_yield_study\06_paper_figures\all_model_charts\scenario_predictions\s11_e3_wheat_transfer_us_to_aus_weather_only_top8_yearly_abs_error.png
scenario_prediction,Predicted vs Actual All Models,outputs\paper_yield_study\06_paper_figures\all_model_charts\scenario_predictions\s12_e3_wheat_transfer_us_to_aus_weather_soil_predicted_vs_actual_all_models.png
scenario_prediction,Residual Boxplot All Models,outputs\paper_yield_study\06_paper_figures\all_model_charts\scenario_predictions\s12_e3_wheat_transfer_us_to_aus_weather_soil_residual_boxplot_all_models.png
scenario_prediction,Top 8 Yearly Absolute Error,outputs\paper_yield_study\06_paper_figures\all_model_charts\scenario_predictions\s12_e3_wheat_transfer_us_to_aus_weather_soil_top8_yearly_abs_error.png
scenario_prediction,Predicted vs Actual All Models,outputs\paper_yield_study\06_paper_figures\all_model_charts\scenario_predictions\s13_e4_aus_overlap_internal_random_weather_only_predicted_vs_actual_all_models.png
scenario_prediction,Residual Boxplot All Models,outputs\paper_yield_study\06_paper_figures\all_model_charts\scenario_predictions\s13_e4_aus_overlap_internal_random_weather_only_residual_boxplot_all_models.png
scenario_prediction,Top 8 Yearly Absolute Error,outputs\paper_yield_study\06_paper_figures\all_model_charts\scenario_predictions\s13_e4_aus_overlap_internal_random_weather_only_top8_yearly_abs_error.png
scenario_prediction,Predicted vs Actual All Models,outputs\paper_yield_study\06_paper_figures\all_model_charts\scenario_predictions\s14_e4_aus_overlap_internal_random_weather_soil_predicted_vs_actual_all_models.png
scenario_prediction,Residual Boxplot All Models,outputs\paper_yield_study\06_paper_figures\all_model_charts\scenario_predictions\s14_e4_aus_overlap_internal_random_weather_soil_residual_boxplot_all_models.png
scenario_prediction,Top 8 Yearly Absolute Error,outputs\paper_yield_study\06_paper_figures\all_model_charts\scenario_predictions\s14_e4_aus_overlap_internal_random_weather_soil_top8_yearly_abs_error.png
scenario_prediction,Predicted vs Actual All Models,outputs\paper_yield_study\06_paper_figures\all_model_charts\scenario_predictions\s15_e4_aus_overlap_internal_time_weather_only_predicted_vs_actual_all_models.png
scenario_prediction,Residual Boxplot All Models,outputs\paper_yield_study\06_paper_figures\all_model_charts\scenario_predictions\s15_e4_aus_overlap_internal_time_weather_only_residual_boxplot_all_models.png
scenario_prediction,Top 8 Yearly Absolute Error,outputs\paper_yield_study\06_paper_figures\all_model_charts\scenario_predictions\s15_e4_aus_overlap_internal_time_weather_only_top8_yearly_abs_error.png
scenario_prediction,Predicted vs Actual All Models,outputs\paper_yield_study\06_paper_figures\all_model_charts\scenario_predictions\s16_e4_aus_overlap_internal_time_weather_soil_predicted_vs_actual_all_models.png
scenario_prediction,Residual Boxplot All Models,outputs\paper_yield_study\06_paper_figures\all_model_charts\scenario_predictions\s16_e4_aus_overlap_internal_time_weather_soil_residual_boxplot_all_models.png
scenario_prediction,Top 8 Yearly Absolute Error,outputs\paper_yield_study\06_paper_figures\all_model_charts\scenario_predictions\s16_e4_aus_overlap_internal_time_weather_soil_top8_yearly_abs_error.png
scenario_prediction,Predicted vs Actual All Models,outputs\paper_yield_study\06_paper_figures\all_model_charts\scenario_predictions\s17_e5_us_overlap_internal_random_weather_only_predicted_vs_actual_all_models.png
scenario_prediction,Residual Boxplot All Models,outputs\paper_yield_study\06_paper_figures\all_model_charts\scenario_predictions\s17_e5_us_overlap_internal_random_weather_only_residual_boxplot_all_models.png
scenario_prediction,Top 8 Yearly Absolute Error,outputs\paper_yield_study\06_paper_figures\all_model_charts\scenario_predictions\s17_e5_us_overlap_internal_random_weather_only_top8_yearly_abs_error.png
scenario_prediction,Predicted vs Actual All Models,outputs\paper_yield_study\06_paper_figures\all_model_charts\scenario_predictions\s18_e5_us_overlap_internal_random_weather_soil_predicted_vs_actual_all_models.png
scenario_prediction,Residual Boxplot All Models,outputs\paper_yield_study\06_paper_figures\all_model_charts\scenario_predictions\s18_e5_us_overlap_internal_random_weather_soil_residual_boxplot_all_models.png
scenario_prediction,Top 8 Yearly Absolute Error,outputs\paper_yield_study\06_paper_figures\all_model_charts\scenario_predictions\s18_e5_us_overlap_internal_random_weather_soil_top8_yearly_abs_error.png
scenario_prediction,Predicted vs Actual All Models,outputs\paper_yield_study\06_paper_figures\all_model_charts\scenario_predictions\s19_e5_us_overlap_internal_time_weather_only_predicted_vs_actual_all_models.png
scenario_prediction,Residual Boxplot All Models,outputs\paper_yield_study\06_paper_figures\all_model_charts\scenario_predictions\s19_e5_us_overlap_internal_time_weather_only_residual_boxplot_all_models.png
scenario_prediction,Top 8 Yearly Absolute Error,outputs\paper_yield_study\06_paper_figures\all_model_charts\scenario_predictions\s19_e5_us_overlap_internal_time_weather_only_top8_yearly_abs_error.png
scenario_prediction,Predicted vs Actual All Models,outputs\paper_yield_study\06_paper_figures\all_model_charts\scenario_predictions\s20_e5_us_overlap_internal_time_weather_soil_predicted_vs_actual_all_models.png
scenario_prediction,Residual Boxplot All Models,outputs\paper_yield_study\06_paper_figures\all_model_charts\scenario_predictions\s20_e5_us_overlap_internal_time_weather_soil_residual_boxplot_all_models.png
scenario_prediction,Top 8 Yearly Absolute Error,outputs\paper_yield_study\06_paper_figures\all_model_charts\scenario_predictions\s20_e5_us_overlap_internal_time_weather_soil_top8_yearly_abs_error.png
scenario_prediction,Predicted vs Actual All Models,outputs\paper_yield_study\06_paper_figures\all_model_charts\scenario_predictions\s21_e6_combined_overlap_aus_to_us_weather_only_predicted_vs_actual_all_models.png
scenario_prediction,Residual Boxplot All Models,outputs\paper_yield_study\06_paper_figures\all_model_charts\scenario_predictions\s21_e6_combined_overlap_aus_to_us_weather_only_residual_boxplot_all_models.png
scenario_prediction,Top 8 Yearly Absolute Error,outputs\paper_yield_study\06_paper_figures\all_model_charts\scenario_predictions\s21_e6_combined_overlap_aus_to_us_weather_only_top8_yearly_abs_error.png
scenario_prediction,Predicted vs Actual All Models,outputs\paper_yield_study\06_paper_figures\all_model_charts\scenario_predictions\s22_e6_combined_overlap_aus_to_us_weather_soil_predicted_vs_actual_all_models.png
scenario_prediction,Residual Boxplot All Models,outputs\paper_yield_study\06_paper_figures\all_model_charts\scenario_predictions\s22_e6_combined_overlap_aus_to_us_weather_soil_residual_boxplot_all_models.png
scenario_prediction,Top 8 Yearly Absolute Error,outputs\paper_yield_study\06_paper_figures\all_model_charts\scenario_predictions\s22_e6_combined_overlap_aus_to_us_weather_soil_top8_yearly_abs_error.png
scenario_prediction,Predicted vs Actual All Models,outputs\paper_yield_study\06_paper_figures\all_model_charts\scenario_predictions\s23_e6_combined_overlap_us_to_aus_weather_only_predicted_vs_actual_all_models.png
scenario_prediction,Residual Boxplot All Models,outputs\paper_yield_study\06_paper_figures\all_model_charts\scenario_predictions\s23_e6_combined_overlap_us_to_aus_weather_only_residual_boxplot_all_models.png
scenario_prediction,Top 8 Yearly Absolute Error,outputs\paper_yield_study\06_paper_figures\all_model_charts\scenario_predictions\s23_e6_combined_overlap_us_to_aus_weather_only_top8_yearly_abs_error.png
scenario_prediction,Predicted vs Actual All Models,outputs\paper_yield_study\06_paper_figures\all_model_charts\scenario_predictions\s24_e6_combined_overlap_us_to_aus_weather_soil_predicted_vs_actual_all_models.png
scenario_prediction,Residual Boxplot All Models,outputs\paper_yield_study\06_paper_figures\all_model_charts\scenario_predictions\s24_e6_combined_overlap_us_to_aus_weather_soil_residual_boxplot_all_models.png
scenario_prediction,Top 8 Yearly Absolute Error,outputs\paper_yield_study\06_paper_figures\all_model_charts\scenario_predictions\s24_e6_combined_overlap_us_to_aus_weather_soil_top8_yearly_abs_error.png
scenario_prediction,Predicted vs Actual All Models,outputs\paper_yield_study\06_paper_figures\all_model_charts\scenario_predictions\s25_e6_combined_overlap_random_weather_only_predicted_vs_actual_all_models.png
scenario_prediction,Residual Boxplot All Models,outputs\paper_yield_study\06_paper_figures\all_model_charts\scenario_predictions\s25_e6_combined_overlap_random_weather_only_residual_boxplot_all_models.png
scenario_prediction,Top 8 Yearly Absolute Error,outputs\paper_yield_study\06_paper_figures\all_model_charts\scenario_predictions\s25_e6_combined_overlap_random_weather_only_top8_yearly_abs_error.png
scenario_prediction,Predicted vs Actual All Models,outputs\paper_yield_study\06_paper_figures\all_model_charts\scenario_predictions\s26_e6_combined_overlap_random_weather_soil_predicted_vs_actual_all_models.png
scenario_prediction,Residual Boxplot All Models,outputs\paper_yield_study\06_paper_figures\all_model_charts\scenario_predictions\s26_e6_combined_overlap_random_weather_soil_residual_boxplot_all_models.png
scenario_prediction,Top 8 Yearly Absolute Error,outputs\paper_yield_study\06_paper_figures\all_model_charts\scenario_predictions\s26_e6_combined_overlap_random_weather_soil_top8_yearly_abs_error.png
scenario_prediction,Predicted vs Actual All Models,outputs\paper_yield_study\06_paper_figures\all_model_charts\scenario_predictions\s27_e6_combined_overlap_time_weather_only_predicted_vs_actual_all_models.png
scenario_prediction,Residual Boxplot All Models,outputs\paper_yield_study\06_paper_figures\all_model_charts\scenario_predictions\s27_e6_combined_overlap_time_weather_only_residual_boxplot_all_models.png
scenario_prediction,Top 8 Yearly Absolute Error,outputs\paper_yield_study\06_paper_figures\all_model_charts\scenario_predictions\s27_e6_combined_overlap_time_weather_only_top8_yearly_abs_error.png
scenario_prediction,Predicted vs Actual All Models,outputs\paper_yield_study\06_paper_figures\all_model_charts\scenario_predictions\s28_e6_combined_overlap_time_weather_soil_predicted_vs_actual_all_models.png
scenario_prediction,Residual Boxplot All Models,outputs\paper_yield_study\06_paper_figures\all_model_charts\scenario_predictions\s28_e6_combined_overlap_time_weather_soil_residual_boxplot_all_models.png
scenario_prediction,Top 8 Yearly Absolute Error,outputs\paper_yield_study\06_paper_figures\all_model_charts\scenario_predictions\s28_e6_combined_overlap_time_weather_soil_top8_yearly_abs_error.png
scenario_prediction,Predicted vs Actual All Models,outputs\paper_yield_study\06_paper_figures\all_model_charts\scenario_predictions\s29_e7_us_harmonized_overlap_audit_random_weather_only_predicted_vs_actual_all_models.png
scenario_prediction,Residual Boxplot All Models,outputs\paper_yield_study\06_paper_figures\all_model_charts\scenario_predictions\s29_e7_us_harmonized_overlap_audit_random_weather_only_residual_boxplot_all_models.png
scenario_prediction,Top 8 Yearly Absolute Error,outputs\paper_yield_study\06_paper_figures\all_model_charts\scenario_predictions\s29_e7_us_harmonized_overlap_audit_random_weather_only_top8_yearly_abs_error.png
scenario_prediction,Predicted vs Actual All Models,outputs\paper_yield_study\06_paper_figures\all_model_charts\scenario_predictions\s30_e7_us_harmonized_overlap_audit_random_weather_soil_predicted_vs_actual_all_models.png
scenario_prediction,Residual Boxplot All Models,outputs\paper_yield_study\06_paper_figures\all_model_charts\scenario_predictions\s30_e7_us_harmonized_overlap_audit_random_weather_soil_residual_boxplot_all_models.png
scenario_prediction,Top 8 Yearly Absolute Error,outputs\paper_yield_study\06_paper_figures\all_model_charts\scenario_predictions\s30_e7_us_harmonized_overlap_audit_random_weather_soil_top8_yearly_abs_error.png
scenario_prediction,Predicted vs Actual All Models,outputs\paper_yield_study\06_paper_figures\all_model_charts\scenario_predictions\s31_e7_us_harmonized_overlap_audit_time_weather_only_predicted_vs_actual_all_models.png
scenario_prediction,Residual Boxplot All Models,outputs\paper_yield_study\06_paper_figures\all_model_charts\scenario_predictions\s31_e7_us_harmonized_overlap_audit_time_weather_only_residual_boxplot_all_models.png
scenario_prediction,Top 8 Yearly Absolute Error,outputs\paper_yield_study\06_paper_figures\all_model_charts\scenario_predictions\s31_e7_us_harmonized_overlap_audit_time_weather_only_top8_yearly_abs_error.png
scenario_prediction,Predicted vs Actual All Models,outputs\paper_yield_study\06_paper_figures\all_model_charts\scenario_predictions\s32_e7_us_harmonized_overlap_audit_time_weather_soil_predicted_vs_actual_all_models.png
scenario_prediction,Residual Boxplot All Models,outputs\paper_yield_study\06_paper_figures\all_model_charts\scenario_predictions\s32_e7_us_harmonized_overlap_audit_time_weather_soil_residual_boxplot_all_models.png
scenario_prediction,Top 8 Yearly Absolute Error,outputs\paper_yield_study\06_paper_figures\all_model_charts\scenario_predictions\s32_e7_us_harmonized_overlap_audit_time_weather_soil_top8_yearly_abs_error.png
scenario_prediction,Predicted vs Actual All Models,outputs\paper_yield_study\06_paper_figures\all_model_charts\scenario_predictions\s33_e7_us_processed_overlap_audit_random_weather_only_predicted_vs_actual_all_models.png
scenario_prediction,Residual Boxplot All Models,outputs\paper_yield_study\06_paper_figures\all_model_charts\scenario_predictions\s33_e7_us_processed_overlap_audit_random_weather_only_residual_boxplot_all_models.png
scenario_prediction,Top 8 Yearly Absolute Error,outputs\paper_yield_study\06_paper_figures\all_model_charts\scenario_predictions\s33_e7_us_processed_overlap_audit_random_weather_only_top8_yearly_abs_error.png
scenario_prediction,Predicted vs Actual All Models,outputs\paper_yield_study\06_paper_figures\all_model_charts\scenario_predictions\s34_e7_us_processed_overlap_audit_random_weather_soil_predicted_vs_actual_all_models.png
scenario_prediction,Residual Boxplot All Models,outputs\paper_yield_study\06_paper_figures\all_model_charts\scenario_predictions\s34_e7_us_processed_overlap_audit_random_weather_soil_residual_boxplot_all_models.png
scenario_prediction,Top 8 Yearly Absolute Error,outputs\paper_yield_study\06_paper_figures\all_model_charts\scenario_predictions\s34_e7_us_processed_overlap_audit_random_weather_soil_top8_yearly_abs_error.png
scenario_prediction,Predicted vs Actual All Models,outputs\paper_yield_study\06_paper_figures\all_model_charts\scenario_predictions\s35_e7_us_processed_overlap_audit_time_weather_only_predicted_vs_actual_all_models.png
scenario_prediction,Residual Boxplot All Models,outputs\paper_yield_study\06_paper_figures\all_model_charts\scenario_predictions\s35_e7_us_processed_overlap_audit_time_weather_only_residual_boxplot_all_models.png
scenario_prediction,Top 8 Yearly Absolute Error,outputs\paper_yield_study\06_paper_figures\all_model_charts\scenario_predictions\s35_e7_us_processed_overlap_audit_time_weather_only_top8_yearly_abs_error.png
scenario_prediction,Predicted vs Actual All Models,outputs\paper_yield_study\06_paper_figures\all_model_charts\scenario_predictions\s36_e7_us_processed_overlap_audit_time_weather_soil_predicted_vs_actual_all_models.png
scenario_prediction,Residual Boxplot All Models,outputs\paper_yield_study\06_paper_figures\all_model_charts\scenario_predictions\s36_e7_us_processed_overlap_audit_time_weather_soil_residual_boxplot_all_models.png
scenario_prediction,Top 8 Yearly Absolute Error,outputs\paper_yield_study\06_paper_figures\all_model_charts\scenario_predictions\s36_e7_us_processed_overlap_audit_time_weather_soil_top8_yearly_abs_error.png
feature_importance,Top 30 Features Overall,outputs\paper_yield_study\06_paper_figures\all_model_charts\feature_importance\top30_features_overall.png
feature_importance,Most Frequent Top-10 Features,outputs\paper_yield_study\06_paper_figures\all_model_charts\feature_importance\most_frequent_top10_features.png
feature_importance,Mean Importance of Top Features by Model,outputs\paper_yield_study\06_paper_figures\all_model_charts\feature_importance\top_features_by_model_heatmap.png
feature_importance,Top 20 Features for adaboost_tree,outputs\paper_yield_study\06_paper_figures\all_model_charts\feature_importance\top20_features_adaboost_tree.png
feature_importance,Top 20 Features for bayesian_ridge,outputs\paper_yield_study\06_paper_figures\all_model_charts\feature_importance\top20_features_bayesian_ridge.png
feature_importance,Top 20 Features for catboost_gpu,outputs\paper_yield_study\06_paper_figures\all_model_charts\feature_importance\top20_features_catboost_gpu.png
feature_importance,Top 20 Features for decision_tree,outputs\paper_yield_study\06_paper_figures\all_model_charts\feature_importance\top20_features_decision_tree.png
feature_importance,Top 20 Features for elastic_net,outputs\paper_yield_study\06_paper_figures\all_model_charts\feature_importance\top20_features_elastic_net.png
feature_importance,Top 20 Features for extra_tree,outputs\paper_yield_study\06_paper_figures\all_model_charts\feature_importance\top20_features_extra_tree.png
feature_importance,Top 20 Features for extra_trees,outputs\paper_yield_study\06_paper_figures\all_model_charts\feature_importance\top20_features_extra_trees.png
feature_importance,Top 20 Features for gradient_boosting,outputs\paper_yield_study\06_paper_figures\all_model_charts\feature_importance\top20_features_gradient_boosting.png
feature_importance,Top 20 Features for huber,outputs\paper_yield_study\06_paper_figures\all_model_charts\feature_importance\top20_features_huber.png
feature_importance,Top 20 Features for lasso,outputs\paper_yield_study\06_paper_figures\all_model_charts\feature_importance\top20_features_lasso.png
feature_importance,Top 20 Features for lightgbm,outputs\paper_yield_study\06_paper_figures\all_model_charts\feature_importance\top20_features_lightgbm.png
feature_importance,Top 20 Features for linear_svr,outputs\paper_yield_study\06_paper_figures\all_model_charts\feature_importance\top20_features_linear_svr.png
feature_importance,Top 20 Features for random_forest,outputs\paper_yield_study\06_paper_figures\all_model_charts\feature_importance\top20_features_random_forest.png
feature_importance,Top 20 Features for ridge,outputs\paper_yield_study\06_paper_figures\all_model_charts\feature_importance\top20_features_ridge.png
feature_importance,Top 20 Features for sgd_huber,outputs\paper_yield_study\06_paper_figures\all_model_charts\feature_importance\top20_features_sgd_huber.png
feature_importance,Top 20 Features for xgboost,outputs\paper_yield_study\06_paper_figures\all_model_charts\feature_importance\top20_features_xgboost.png
